"Sample (Male/Female/Unknown)","Genotype (forward strand)","Population(s)","Father","Mother"
"HG00096 (M)","G|G","ALL, EUR, GBR","-","-"
"HG00097 (F)","A|G","ALL, EUR, GBR","-","-"
"HG00099 (F)","A|A","ALL, EUR, GBR","-","-"
"HG00100 (F)","G|G","ALL, EUR, GBR","-","-"
"HG00101 (M)","G|G","ALL, EUR, GBR","-","-"
"HG00102 (F)","G|G","ALL, EUR, GBR","-","-"
"HG00103 (M)","G|A","ALL, EUR, GBR","-","-"
"HG00105 (M)","G|G","ALL, EUR, GBR","-","-"
"HG00106 (F)","A|G","ALL, EUR, GBR","-","-"
"HG00107 (M)","A|A","ALL, EUR, GBR","-","-"
"HG00108 (M)","G|G","ALL, EUR, GBR","-","-"
"HG00109 (M)","G|A","ALL, EUR, GBR","-","-"
"HG00110 (F)","G|A","ALL, EUR, GBR","-","-"
"HG00111 (F)","G|G","ALL, EUR, GBR","-","-"
"HG00112 (M)","A|A","ALL, EUR, GBR","-","-"
"HG00113 (M)","A|A","ALL, EUR, GBR","-","-"
"HG00114 (M)","A|G","ALL, EUR, GBR","-","-"
"HG00115 (M)","G|A","ALL, EUR, GBR","-","-"
"HG00116 (M)","A|A","ALL, EUR, GBR","-","-"
"HG00117 (M)","G|G","ALL, EUR, GBR","-","-"
"HG00118 (F)","A|A","ALL, EUR, GBR","-","-"
"HG00119 (M)","A|G","ALL, EUR, GBR","-","-"
"HG00120 (F)","A|A","ALL, EUR, GBR","-","-"
"HG00121 (F)","G|A","ALL, EUR, GBR","-","-"
"HG00122 (F)","G|A","ALL, EUR, GBR","-","-"
"HG00123 (F)","A|G","ALL, EUR, GBR","-","-"
"HG00125 (F)","G|A","ALL, EUR, GBR","-","-"
"HG00126 (M)","A|A","ALL, EUR, GBR","-","-"
"HG00127 (F)","A|G","ALL, EUR, GBR","-","-"
"HG00128 (F)","G|G","ALL, EUR, GBR","-","-"
"HG00129 (M)","G|G","ALL, EUR, GBR","-","-"
"HG00130 (F)","G|A","ALL, EUR, GBR","-","-"
"HG00131 (M)","A|A","ALL, EUR, GBR","-","-"
"HG00132 (F)","G|G","ALL, EUR, GBR","-","-"
"HG00133 (F)","A|G","ALL, EUR, GBR","-","-"
"HG00136 (M)","A|A","ALL, EUR, GBR","-","-"
"HG00137 (F)","G|G","ALL, EUR, GBR","-","-"
"HG00138 (M)","G|G","ALL, EUR, GBR","-","-"
"HG00139 (M)","A|A","ALL, EUR, GBR","-","-"
"HG00140 (M)","A|G","ALL, EUR, GBR","-","-"
"HG00141 (M)","A|A","ALL, EUR, GBR","-","-"
"HG00142 (M)","A|A","ALL, EUR, GBR","-","-"
"HG00143 (M)","A|G","ALL, EUR, GBR","-","-"
"HG00145 (M)","G|G","ALL, EUR, GBR","-","-"
"HG00146 (F)","G|G","ALL, EUR, GBR","-","-"
"HG00148 (M)","A|G","ALL, EUR, GBR","-","-"
"HG00149 (M)","A|G","ALL, EUR, GBR","-","-"
"HG00150 (F)","A|G","ALL, EUR, GBR","-","-"
"HG00151 (M)","A|G","ALL, EUR, GBR","-","-"
"HG00154 (F)","A|A","ALL, EUR, GBR","-","-"
"HG00155 (M)","G|A","ALL, EUR, GBR","-","-"
"HG00157 (M)","G|G","ALL, EUR, GBR","-","-"
"HG00158 (F)","G|G","ALL, EUR, GBR","-","-"
"HG00159 (M)","G|G","ALL, EUR, GBR","-","-"
"HG00160 (M)","G|G","ALL, EUR, GBR","-","-"
"HG00231 (F)","G|A","ALL, EUR, GBR","-","-"
"HG00232 (F)","A|A","ALL, EUR, GBR","-","-"
"HG00233 (F)","A|A","ALL, EUR, GBR","-","-"
"HG00234 (M)","A|A","ALL, EUR, GBR","-","-"
"HG00235 (F)","G|G","ALL, EUR, GBR","-","-"
"HG00236 (F)","G|G","ALL, EUR, GBR","-","-"
"HG00237 (F)","G|G","ALL, EUR, GBR","-","-"
"HG00238 (F)","A|G","ALL, EUR, GBR","-","-"
"HG00239 (F)","G|G","ALL, EUR, GBR","-","-"
"HG00240 (F)","A|G","ALL, EUR, GBR","-","-"
"HG00242 (M)","A|G","ALL, EUR, GBR","-","-"
"HG00243 (M)","G|A","ALL, EUR, GBR","-","-"
"HG00244 (M)","A|G","ALL, EUR, GBR","-","-"
"HG00245 (F)","G|A","ALL, EUR, GBR","-","-"
"HG00246 (M)","G|A","ALL, EUR, GBR","-","-"
"HG00250 (F)","A|A","ALL, EUR, GBR","-","-"
"HG00251 (M)","A|G","ALL, EUR, GBR","-","-"
"HG00252 (M)","A|G","ALL, EUR, GBR","-","-"
"HG00253 (F)","G|G","ALL, EUR, GBR","-","-"
"HG00254 (F)","G|A","ALL, EUR, GBR","-","-"
"HG00255 (F)","G|A","ALL, EUR, GBR","-","-"
"HG00256 (M)","G|A","ALL, EUR, GBR","-","-"
"HG00257 (F)","A|A","ALL, EUR, GBR","-","-"
"HG00258 (F)","G|G","ALL, EUR, GBR","-","-"
"HG00259 (F)","A|G","ALL, EUR, GBR","-","-"
"HG00260 (M)","A|A","ALL, EUR, GBR","-","-"
"HG00261 (F)","A|A","ALL, EUR, GBR","-","-"
"HG00262 (F)","G|G","ALL, EUR, GBR","-","-"
"HG00263 (F)","A|G","ALL, EUR, GBR","-","-"
"HG00264 (M)","G|A","ALL, EUR, GBR","-","-"
"HG00265 (M)","A|A","ALL, EUR, GBR","-","-"
"HG01334 (M)","G|A","ALL, EUR, GBR","-","-"
"HG01789 (M)","A|G","ALL, EUR, GBR","-","-"
"HG01790 (F)","A|G","ALL, EUR, GBR","-","-"
"HG01791 (M)","G|G","ALL, EUR, GBR","-","-"
"HG02215 (F)","A|A","ALL, EUR, GBR","-","-"
